{"cameraMode":{"drawMode":0,"name":"Shaded","section":"Shading Mode"},"sceneLighting":true,"audioPlay":false,"sceneViewState":{"m_AlwaysRefresh":false,"showFog":true,"showSkybox":true,"showFlares":true,"showImageEffects":true,"showParticleSystems":true,"showVisualEffectGraphs":true,"m_FxEnabled":true},"in2DMode":false,"pivot":{"x":-0.07999999821186066,"y":1.0099999904632569,"z":0.7200000286102295},"rotation":{"x":0.020395036786794664,"y":-0.011996876448392868,"z":0.000244785042013973,"w":0.9997202157974243},"size":0.34330135583877566,"orthographic":false}